{"cameraMode":{"drawMode":0,"name":"Shaded","section":"Shading Mode"},"sceneLighting":false,"audioPlay":false,"sceneViewState":{"showFog":true,"showMaterialUpdate":true,"showSkybox":false,"showFlares":true,"showImageEffects":true,"showParticleSystems":true},"in2DMode":false,"pivot":{"x":0.05406546592712402,"y":15.623828887939454,"z":224.451171875},"rotation":{"x":0.22904209792613984,"y":-0.7709415555000305,"z":0.41647982597351076,"w":0.42396289110183718},"size":6.495912075042725,"orthographic":false}