{"cameraMode":{"drawMode":0,"name":"Shaded","section":"Shading Mode"},"sceneLighting":false,"audioPlay":false,"sceneViewState":{"showFog":false,"showMaterialUpdate":false,"showSkybox":false,"showFlares":false,"showImageEffects":false,"showParticleSystems":false},"in2DMode":false,"pivot":{"x":4.17980432510376,"y":10.890000343322754,"z":170.96595764160157},"rotation":{"x":-0.17729216814041139,"y":0.25849100947380068,"z":-0.04832291603088379,"w":-0.9483776688575745},"size":0.45964038372039797,"orthographic":false}