{"cameraMode":{"drawMode":0,"name":"Shaded","section":"Shading Mode"},"sceneLighting":false,"audioPlay":false,"sceneViewState":{"showFog":true,"showMaterialUpdate":true,"showSkybox":false,"showFlares":true,"showImageEffects":true,"showParticleSystems":true},"in2DMode":false,"pivot":{"x":6.4760541915893559,"y":0.2748720645904541,"z":177.53179931640626},"rotation":{"x":0.347488135099411,"y":-0.1065782755613327,"z":0.03978261351585388,"w":0.9307628273963928},"size":1.1492218971252442,"orthographic":false}