{"cameraMode":{"drawMode":0,"name":"Shaded","section":"Shading Mode"},"sceneLighting":false,"audioPlay":false,"sceneViewState":{"showFog":true,"showMaterialUpdate":true,"showSkybox":false,"showFlares":true,"showImageEffects":true,"showParticleSystems":true},"in2DMode":false,"pivot":{"x":37.287109375,"y":15.153356552124024,"z":228.96739196777345},"rotation":{"x":0.26522305607795718,"y":-0.6985631585121155,"z":0.3172559440135956,"w":0.5839742422103882},"size":7.642788887023926,"orthographic":false}