{"cameraMode":{"drawMode":0,"name":"Shaded","section":"Shading Mode"},"sceneLighting":false,"audioPlay":false,"sceneViewState":{"showFog":true,"showMaterialUpdate":true,"showSkybox":false,"showFlares":true,"showImageEffects":true,"showParticleSystems":true},"in2DMode":false,"pivot":{"x":347.3599853515625,"y":120.47000122070313,"z":7.473999977111816},"rotation":{"x":-0.21754692494869233,"y":0.47855237126350405,"z":-0.12363595515489578,"w":-0.8417003154754639},"size":7.839807987213135,"orthographic":true}