{"cameraMode":{"drawMode":0,"name":"Shaded","section":"Shading Mode"},"sceneLighting":false,"audioPlay":false,"sceneViewState":{"showFog":false,"showMaterialUpdate":false,"showSkybox":false,"showFlares":false,"showImageEffects":false,"showParticleSystems":false},"in2DMode":false,"pivot":{"x":20.12206268310547,"y":9.827268600463868,"z":-24.15655517578125},"rotation":{"x":-0.2961287498474121,"y":-0.3297158181667328,"z":0.10974472761154175,"w":-0.8896945118904114},"size":3.4497222900390627,"orthographic":false}