{"cameraMode":{"drawMode":0,"name":"Shaded","section":"Shading Mode"},"sceneLighting":false,"audioPlay":false,"sceneViewState":{"showFog":true,"showMaterialUpdate":true,"showSkybox":false,"showFlares":true,"showImageEffects":true,"showParticleSystems":true},"in2DMode":false,"pivot":{"x":36.0919189453125,"y":15.971439361572266,"z":228.95521545410157},"rotation":{"x":0.17007121443748475,"y":-0.6527357697486877,"z":0.15372902154922486,"w":0.722073495388031},"size":5.840765476226807,"orthographic":false}