{"cameraMode":{"drawMode":0,"name":"Shaded","section":"Shading Mode"},"sceneLighting":false,"audioPlay":false,"sceneViewState":{"showFog":true,"showMaterialUpdate":true,"showSkybox":false,"showFlares":true,"showImageEffects":true,"showParticleSystems":true},"in2DMode":false,"pivot":{"x":-61.217620849609378,"y":-84.02877807617188,"z":140.1496124267578},"rotation":{"x":0.3851306736469269,"y":-0.18224367499351502,"z":0.07787144184112549,"w":0.90133136510849},"size":495.9488525390625,"orthographic":false}